{
  "description": "This is a system generated manifest of files expected to be present in this zip. It can be safely deleted.",
  "metadata": {
    "generated_at": "2025-04-07T12:18:14+00:00",
    "trigger": {
      "file_hashid": "unknown",
      "action": "unknown"
    }
  },
  "manifest": [
    {
      "filename": "train_raw.csv",
      "filesize": 5259263,
      "description": "Raw train data. ",
      "created_at": "2025-04-03 12:01:05 UTC",
      "updated_at": "2025-04-03 12:02:35 UTC"
    },
    {
      "filename": "test_raw.csv",
      "filesize": 65979,
      "description": "Raw test data. ",
      "created_at": "2025-04-07 12:18:06 UTC",
      "updated_at": "2025-04-07 12:18:14 UTC"
    },
    {
      "filename": "test.csv",
      "filesize": 64329,
      "description": "Test resembles Train.csv but without the target-related columns. This is the dataset on which you will apply your model to.",
      "created_at": "2025-04-01 13:46:37 UTC",
      "updated_at": "2025-04-01 13:48:09 UTC"
    },
    {
      "filename": "train.csv",
      "filesize": 4968681,
      "description": "Train contains the target. This is the dataset that you will use to train your model.",
      "created_at": "2025-04-01 13:46:45 UTC",
      "updated_at": "2025-04-01 13:48:15 UTC"
    },
    {
      "filename": "Kenya medical vignettes data dictionary.docx",
      "filesize": 15887,
      "description": "This file describes the variables found in train and test. ",
      "created_at": "2025-04-01 13:49:01 UTC",
      "updated_at": "2025-04-01 13:49:09 UTC"
    },
    {
      "filename": "SampleSubmission.csv",
      "filesize": 1522,
      "description": "Is an example of what your submission file should look like. The order of the rows does not matter, but the names of the \"ID\" must be correct.",
      "created_at": "2025-04-01 14:05:00 UTC",
      "updated_at": "2025-04-01 14:05:03 UTC"
    }
  ]
}